{
	"credit": "Made with Blockbench",
	"texture_size": [64, 64],
	"textures": {
		"0": "item/custom/hunter_revolver",
		"1": "item/custom/archer_bow",
		"particle": "item/custom/hunter_revolver"
	},
	"elements": [
		{
			"from": [6.375, 6.75, 7.375],
			"to": [7.625, 9.5, 8.625],
			"rotation": {"angle": -45, "axis": "x", "origin": [7, 8.25, 8]},
			"faces": {
				"north": {"uv": [4, 13, 2.75, 15.75], "texture": "#0"},
				"east": {"uv": [2.75, 13, 4, 15.75], "texture": "#0"},
				"south": {"uv": [4, 13, 2.75, 15.75], "texture": "#0"},
				"west": {"uv": [2.75, 13, 4, 15.75], "texture": "#0"},
				"up": {"uv": [0.25, 14.5, 1.5, 15.75], "rotation": 270, "texture": "#0"},
				"down": {"uv": [0.25, 14.5, 1.5, 15.75], "rotation": 270, "texture": "#0"}
			}
		},
		{
			"from": [6.375, 6.25, 7.375],
			"to": [7.625, 6.5, 8.625],
			"rotation": {"angle": -45, "axis": "x", "origin": [7, 8.25, 8]},
			"faces": {
				"north": {"uv": [1.5, 14.5, 1.75, 15.75], "rotation": 270, "texture": "#0"},
				"east": {"uv": [1.5, 14.5, 1.75, 15.75], "rotation": 270, "texture": "#0"},
				"south": {"uv": [1.5, 14.5, 1.75, 15.75], "rotation": 270, "texture": "#0"},
				"west": {"uv": [1.5, 14.5, 1.75, 15.75], "rotation": 270, "texture": "#0"},
				"up": {"uv": [0.25, 14.5, 1.5, 15.75], "rotation": 270, "texture": "#0"},
				"down": {"uv": [0.25, 14.5, 1.5, 15.75], "rotation": 270, "texture": "#0"}
			}
		},
		{
			"from": [6.5, 6.5, 7.5],
			"to": [7.5, 10, 8.5],
			"rotation": {"angle": -45, "axis": "x", "origin": [7, 8.25, 8]},
			"faces": {
				"north": {"uv": [2.25, 10.75, 1.25, 14], "texture": "#0"},
				"east": {"uv": [1.25, 10.75, 2.25, 14], "texture": "#0"},
				"south": {"uv": [0.25, 10.75, 1.25, 14], "texture": "#0"},
				"west": {"uv": [1.25, 10.75, 0.25, 14], "texture": "#0"},
				"up": {"uv": [1.25, 9.75, 2.25, 10.75], "rotation": 270, "texture": "#0"}
			}
		},
		{
			"from": [6.75, 10, 7.75],
			"to": [7.25, 10.25, 8.25],
			"rotation": {"angle": -45, "axis": "x", "origin": [7, 8.25, 8]},
			"faces": {
				"north": {"uv": [1.5, 9.75, 2, 10], "texture": "#0"},
				"east": {"uv": [1.5, 10.5, 2, 10.75], "texture": "#0"},
				"south": {"uv": [1.5, 9.75, 2, 10], "texture": "#0"},
				"west": {"uv": [1.5, 10.5, 2, 10.75], "texture": "#0"},
				"up": {"uv": [1.5, 10, 2, 10.5], "rotation": 270, "texture": "#0"}
			}
		},
		{
			"from": [7.75, 7.75, 3.5],
			"to": [8.25, 8.25, 13.5],
			"rotation": {"angle": 45, "axis": "z", "origin": [8, 8, 1.5]},
			"faces": {
				"north": {"uv": [0, 1.625, 0.25, 1.875], "rotation": 90, "texture": "#1"},
				"east": {"uv": [10, 1.625, 0, 1.875], "texture": "#1"},
				"south": {"uv": [9.75, 1.625, 10, 1.875], "rotation": 90, "texture": "#1"},
				"west": {"uv": [0, 1.625, 10, 1.875], "texture": "#1"},
				"up": {"uv": [0, 1.625, 10, 1.875], "rotation": 90, "texture": "#1"},
				"down": {"uv": [10, 1.625, 0, 1.875], "rotation": 90, "texture": "#1"}
			}
		},
		{
			"from": [7.9, 7.5, 3],
			"to": [8.1, 8.5, 4],
			"rotation": {"angle": 0, "axis": "y", "origin": [0, 0, -1.5]},
			"faces": {
				"east": {"uv": [0, 2.5, 1.5, 4], "texture": "#1"},
				"west": {"uv": [0, 2.5, 1.5, 4], "texture": "#1"}
			}
		},
		{
			"from": [7.9, 7, 11],
			"to": [8.1, 9, 13.5],
			"rotation": {"angle": 22.5, "axis": "z", "origin": [8, 8, 1.5]},
			"faces": {
				"east": {"uv": [4.5, 2.5, 2.5, 4], "texture": "#1"},
				"west": {"uv": [2.5, 2.5, 4.5, 4], "texture": "#1"}
			}
		},
		{
			"from": [7, 7.9, 11],
			"to": [9, 8.1, 13.5],
			"rotation": {"angle": 22.5, "axis": "z", "origin": [8, 8, 1.5]},
			"faces": {
				"up": {"uv": [2.5, 2.5, 4.5, 4], "rotation": 90, "texture": "#1"},
				"down": {"uv": [4.5, 2.5, 2.5, 4], "rotation": 90, "texture": "#1"}
			}
		}
	],
	"gui_light": "front",
	"display": {
		"thirdperson_righthand": {
			"rotation": [65, 0, 0],
			"translation": [0, 0, -1],
			"scale": [0.7, 0.7, 0.7]
		},
		"firstperson_righthand": {
			"rotation": [35, 0, 0],
			"translation": [0, 2, 0]
		},
		"ground": {
			"rotation": [62, 0, 0],
			"translation": [0, 2.5, 0],
			"scale": [0.8, 0.8, 0.8]
		},
		"gui": {
			"rotation": [-80, -145, -85],
			"translation": [-2, 1.5, 0],
			"scale": [1.4, 1.4, 1.4]
		},
		"head": {
			"translation": [0, 8, 0],
			"scale": [0.5, 0.5, 0.5]
		},
		"fixed": {
			"rotation": [-90, -160, -90],
			"translation": [0, 0, -0.5]
		}
	}
}