{
	"credit": "Made with Blockbench",
	"texture_size": [32, 32],
	"textures": {
		"0": "item/custom/archer_bow",
		"particle": "item/custom/archer_bow"
	},
	"elements": [
		{
			"from": [7.5, 6, 6],
			"to": [8.5, 10, 7],
			"faces": {
				"north": {"uv": [15.75, 0, 15.25, 4], "texture": "#0"},
				"east": {"uv": [15.25, 0, 15.75, 4], "texture": "#0"},
				"south": {"uv": [14.75, 0, 15.25, 4], "texture": "#0"},
				"west": {"uv": [15.25, 0, 14.75, 4], "texture": "#0"}
			}
		},
		{
			"from": [7.5, 10, 6],
			"to": [8.5, 16, 7],
			"rotation": {"angle": 22.5, "axis": "x", "origin": [8, 10, 7]},
			"faces": {
				"north": {"uv": [15.75, 0, 15.25, 4], "texture": "#0"},
				"east": {"uv": [15.25, 0, 15.75, 4], "texture": "#0"},
				"south": {"uv": [14.75, 0, 15.25, 4], "texture": "#0"},
				"west": {"uv": [15.25, 0, 14.75, 4], "texture": "#0"}
			}
		},
		{
			"from": [7.5, 16, 6],
			"to": [8.5, 18.5, 8.5],
			"rotation": {"angle": 22.5, "axis": "x", "origin": [8, 10, 7]},
			"faces": {
				"north": {"uv": [13.625, 5, 13.875, 7.5], "texture": "#0"},
				"east": {"uv": [13.5, 5, 16, 7.5], "rotation": 90, "texture": "#0"},
				"south": {"uv": [15.625, 5, 15.875, 7.5], "texture": "#0"},
				"west": {"uv": [13.5, 5, 16, 7.5], "texture": "#0"},
				"up": {"uv": [13.5, 5.125, 16, 5.375], "rotation": 90, "texture": "#0"},
				"down": {"uv": [16, 7.125, 13.5, 7.375], "rotation": 90, "texture": "#0"}
			}
		},
		{
			"from": [7.6, 16.25, 6.25],
			"to": [8.4, 18.25, 8.25],
			"rotation": {"angle": 22.5, "axis": "x", "origin": [8, 10, 7]},
			"faces": {
				"east": {"uv": [11, 5.5, 12.5, 7], "rotation": 90, "texture": "#0"},
				"west": {"uv": [11, 5.5, 12.5, 7], "texture": "#0"}
			}
		},
		{
			"from": [7.6, -2.25, 6.25],
			"to": [8.4, -0.25, 8.25],
			"rotation": {"angle": -22.5, "axis": "x", "origin": [8, 6, 7]},
			"faces": {
				"east": {"uv": [12.5, 5.5, 11, 7], "rotation": 90, "texture": "#0"},
				"west": {"uv": [11, 7, 12.5, 5.5], "texture": "#0"}
			}
		},
		{
			"from": [7.7, 15.7, 3],
			"to": [8.3, 16.3, 9],
			"rotation": {"angle": 22.5, "axis": "x", "origin": [8, 10, 7]},
			"faces": {
				"north": {"uv": [8.125, 0.125, 8.375, 0.375], "texture": "#0"},
				"east": {"uv": [12, 0.125, 6, 0.375], "texture": "#0"},
				"south": {"uv": [11.625, 0.125, 11.875, 0.375], "texture": "#0"},
				"west": {"uv": [6, 0.125, 12, 0.375], "texture": "#0"},
				"up": {"uv": [6, 0.125, 12, 0.375], "rotation": 90, "texture": "#0"},
				"down": {"uv": [12, 0.125, 6, 0.375], "rotation": 90, "texture": "#0"}
			}
		},
		{
			"from": [7.7, -0.3, 3],
			"to": [8.3, 0.3, 9],
			"rotation": {"angle": -22.5, "axis": "x", "origin": [8, 6, 7]},
			"faces": {
				"north": {"uv": [8.125, 0.375, 8.375, 0.125], "texture": "#0"},
				"east": {"uv": [12, 0.375, 6, 0.125], "texture": "#0"},
				"south": {"uv": [11.625, 0.375, 11.875, 0.125], "texture": "#0"},
				"west": {"uv": [6, 0.375, 12, 0.125], "texture": "#0"},
				"up": {"uv": [6, 0.125, 12, 0.375], "rotation": 90, "texture": "#0"},
				"down": {"uv": [12, 0.125, 6, 0.375], "rotation": 90, "texture": "#0"}
			}
		},
		{
			"from": [7.5, 0, 6],
			"to": [8.5, 6, 7],
			"rotation": {"angle": -22.5, "axis": "x", "origin": [8, 6, 7]},
			"faces": {
				"north": {"uv": [15.75, 0, 15.25, 4], "texture": "#0"},
				"east": {"uv": [15.25, 0, 15.75, 4], "texture": "#0"},
				"south": {"uv": [14.75, 0, 15.25, 4], "texture": "#0"},
				"west": {"uv": [15.25, 0, 14.75, 4], "texture": "#0"}
			}
		},
		{
			"from": [7.5, -2.5, 6],
			"to": [8.5, 0, 8.5],
			"rotation": {"angle": -22.5, "axis": "x", "origin": [8, 6, 7]},
			"faces": {
				"north": {"uv": [13.625, 5, 13.875, 7.5], "texture": "#0"},
				"east": {"uv": [13.5, 5, 16, 7.5], "rotation": 90, "texture": "#0"},
				"south": {"uv": [15.625, 5, 15.875, 7.5], "texture": "#0"},
				"west": {"uv": [13.5, 5, 16, 7.5], "texture": "#0"},
				"up": {"uv": [13.5, 5.125, 16, 5.375], "rotation": 90, "texture": "#0"},
				"down": {"uv": [16, 7.125, 13.5, 7.375], "rotation": 90, "texture": "#0"}
			}
		},
		{
			"from": [7.4, 10, 5.75],
			"to": [8.6, 12, 7.25],
			"faces": {
				"north": {"uv": [12.5, 0, 13, 2], "texture": "#0"},
				"east": {"uv": [13.25, 0, 12.5, 2], "texture": "#0"},
				"south": {"uv": [13, 0, 13.5, 2], "texture": "#0"},
				"west": {"uv": [12.75, 0, 13.5, 2], "texture": "#0"},
				"up": {"uv": [12.25, 2, 12.75, 2.75], "texture": "#0"},
				"down": {"uv": [14.25, 1.5, 14.75, 2], "texture": "#0"}
			}
		},
		{
			"from": [7.7, 10.7, 2.25],
			"to": [8.3, 11.3, 6.25],
			"faces": {
				"north": {"uv": [8.125, 0.125, 8.375, 0.375], "texture": "#0"},
				"east": {"uv": [9.5, 0.125, 6, 0.375], "texture": "#0"},
				"west": {"uv": [6, 0.125, 9.5, 0.375], "texture": "#0"},
				"up": {"uv": [6, 0.125, 9.5, 0.375], "rotation": 90, "texture": "#0"},
				"down": {"uv": [9.5, 0.125, 6, 0.375], "rotation": 90, "texture": "#0"}
			}
		},
		{
			"from": [7.7, 5.45, 4.5],
			"to": [8.3, 6.95, 6],
			"faces": {
				"north": {"uv": [0.125, 4.5, 0.375, 6], "texture": "#0"},
				"east": {"uv": [2, 4.5, 0.5, 6], "texture": "#0"},
				"west": {"uv": [0.5, 4.5, 2, 6], "texture": "#0"},
				"up": {"uv": [0.5, 4.75, 2, 5], "rotation": 90, "texture": "#0"},
				"down": {"uv": [2, 4.75, 0.5, 5], "rotation": 90, "texture": "#0"}
			}
		},
		{
			"from": [7.95, 5.95, 2.25],
			"to": [8.05, 6.45, 4.25],
			"faces": {
				"east": {"uv": [5.5, 5, 3.5, 5.5], "texture": "#0"},
				"west": {"uv": [3.5, 5, 5.5, 5.5], "texture": "#0"}
			}
		},
		{
			"from": [7.4, 4.5, 5.75],
			"to": [8.6, 6, 7.25],
			"faces": {
				"north": {"uv": [12.5, 0, 13, 2], "texture": "#0"},
				"east": {"uv": [13.25, 0, 12.5, 2], "texture": "#0"},
				"south": {"uv": [13, 0, 13.5, 2], "texture": "#0"},
				"west": {"uv": [12.75, 0, 13.5, 2], "texture": "#0"},
				"up": {"uv": [12.25, 2, 12.75, 2.75], "texture": "#0"},
				"down": {"uv": [14.25, 1.5, 14.75, 2], "texture": "#0"}
			}
		},
		{
			"from": [7.75, 7.75, 3],
			"to": [8.25, 8.25, 13],
			"rotation": {"angle": 45, "axis": "z", "origin": [8, 8, -2]},
			"faces": {
				"north": {"uv": [0.125, 1.625, 0.375, 1.875], "texture": "#0"},
				"east": {"uv": [10, 1.625, 0, 2], "texture": "#0"},
				"south": {"uv": [9.625, 1.625, 9.875, 1.875], "texture": "#0"},
				"west": {"uv": [0, 1.625, 10, 1.875], "texture": "#0"},
				"up": {"uv": [0, 1.625, 10, 1.875], "rotation": 90, "texture": "#0"},
				"down": {"uv": [10, 1.625, 0, 1.875], "rotation": 90, "texture": "#0"}
			}
		},
		{
			"from": [7.9, 7.5, 2.5],
			"to": [8.1, 8.5, 3.5],
			"rotation": {"angle": 0, "axis": "y", "origin": [0, 0, -2]},
			"faces": {
				"east": {"uv": [0, 2.5, 1.5, 4], "texture": "#0"},
				"west": {"uv": [0, 2.5, 1.5, 4], "texture": "#0"}
			}
		},
		{
			"from": [7.9, 7, 10.5],
			"to": [8.1, 9, 13],
			"rotation": {"angle": 22.5, "axis": "z", "origin": [8, 8, -2]},
			"faces": {
				"east": {"uv": [4.5, 2.5, 2.5, 4], "texture": "#0"},
				"west": {"uv": [2.5, 2.5, 4.5, 4], "texture": "#0"}
			}
		},
		{
			"from": [7, 7.9, 10.5],
			"to": [9, 8.1, 13],
			"rotation": {"angle": 22.5, "axis": "z", "origin": [8, 8, -2]},
			"faces": {
				"up": {"uv": [4.5, 2.5, 2.5, 4], "rotation": 270, "texture": "#0"},
				"down": {"uv": [2.5, 2.5, 4.5, 4], "rotation": 270, "texture": "#0"}
			}
		},
		{
			"from": [7.95, 8, 8],
			"to": [8.05, 16, 16],
			"faces": {
				"east": {"uv": [12, 12, 8, 16], "texture": "#0"},
				"west": {"uv": [8, 12, 12, 16], "texture": "#0"}
			}
		},
		{
			"from": [7.95, 0, 8],
			"to": [8.05, 8, 16],
			"faces": {
				"east": {"uv": [12, 16, 8, 12], "texture": "#0"},
				"west": {"uv": [8, 16, 12, 12], "texture": "#0"}
			}
		}
	],
	"gui_light": "front",
	"display": {
		"thirdperson_righthand": {
			"rotation": [0, 0, 20],
			"translation": [-1, 0, 0.5]
		},
		"firstperson_righthand": {
			"rotation": [25, 8, 65],
			"translation": [-4.5, 0, 0]
		},
		"firstperson_lefthand": {
			"rotation": [30, 8, 65],
			"translation": [-5, 1.5, -1.5]
		},
		"gui": {
			"rotation": [90, 45, -90],
			"translation": [-1, 1, 0]
		},
		"fixed": {
			"rotation": [90, -45, 90],
			"translation": [1, 1, 0]
		}
	},
	"groups": [
		0,
		1,
		2,
		3,
		4,
		5,
		6,
		7,
		8,
		9,
		10,
		11,
		12,
		13,
		{
			"name": "g",
			"origin": [8, 8, 8],
			"color": 0,
			"children": [
				{
					"name": "1",
					"origin": [0, 0, 0],
					"color": 0,
					"children": [
						{
							"name": "0",
							"origin": [8, 8, 8],
							"color": 0,
							"children": [14, 15, 16, 17]
						},
						18,
						19
					]
				}
			]
		}
	]
}