{
	"credit": "Made with Blockbench",
	"texture_size": [64, 64],
	"textures": {
		"0": "item/custom/archer",
		"particle": "item/custom/archer"
	},
	"elements": [
		{
			"from": [0, 0, 0],
			"to": [16, 16, 16],
			"faces": {
				"north": {"uv": [4, 4, 8, 8], "texture": "#0"},
				"east": {"uv": [0, 4, 4, 8], "texture": "#0"},
				"south": {"uv": [12, 4, 16, 8], "texture": "#0"},
				"west": {"uv": [8, 4, 12, 8], "texture": "#0"},
				"up": {"uv": [8, 4, 4, 0], "texture": "#0"},
				"down": {"uv": [12, 0, 8, 4], "texture": "#0"}
			}
		},
		{
			"from": [0, 4.75, 7.75],
			"to": [1, 10.25, 13.25],
			"rotation": {"angle": -22.5, "axis": "y", "origin": [0, 8, 8]},
			"faces": {
				"east": {"uv": [15.125, 13.25, 13.75, 14.625], "texture": "#0"},
				"west": {"uv": [13.75, 13.25, 15.125, 14.625], "texture": "#0"}
			}
		},
		{
			"from": [15, 4.75, 7.75],
			"to": [16, 10.25, 13.25],
			"rotation": {"angle": 22.5, "axis": "y", "origin": [16, 8, 8]},
			"faces": {
				"east": {"uv": [15.125, 13.25, 13.75, 14.625], "texture": "#0"},
				"west": {"uv": [13.75, 13.25, 15.125, 14.625], "texture": "#0"}
			}
		},
		{
			"from": [10.5, 16, 7.5],
			"to": [14, 19, 8],
			"faces": {
				"north": {"uv": [2.25, 9, 3.125, 9.75], "texture": "#0"},
				"south": {"uv": [3.375, 9, 4.25, 9.75], "texture": "#0"}
			}
		},
		{
			"from": [2, 16, 7.5],
			"to": [5.5, 19, 8],
			"faces": {
				"north": {"uv": [2.25, 9, 3.125, 9.75], "texture": "#0"},
				"south": {"uv": [3.375, 9, 4.25, 9.75], "texture": "#0"}
			}
		},
		{
			"from": [8.5, 3, -2.5],
			"to": [13, 7.5, -2.4],
			"faces": {
				"north": {"uv": [0.25, 8.625, 1.375, 9.75], "texture": "#0"},
				"south": {"uv": [0.25, 8.625, 1.375, 9.75], "texture": "#0"}
			}
		},
		{
			"from": [-1.5, 4.5, 6],
			"to": [-1.4, 8, 9.5],
			"faces": {
				"east": {"uv": [1.25, 8.75, 0.375, 9.625], "texture": "#0"},
				"west": {"uv": [0.375, 8.75, 1.25, 9.625], "texture": "#0"}
			}
		},
		{
			"from": [17.4, 4.5, 6],
			"to": [17.5, 8, 9.5],
			"rotation": {"angle": 0, "axis": "y", "origin": [16, 0, 0]},
			"faces": {
				"east": {"uv": [1.25, 8.75, 0.375, 9.625], "texture": "#0"},
				"west": {"uv": [0.375, 8.75, 1.25, 9.625], "texture": "#0"}
			}
		}
	],
	"gui_light": "front",
	"display": {
		"thirdperson_righthand": {
			"scale": [0.3, 0.3, 0.3]
		},
		"firstperson_righthand": {
			"rotation": [-20, 145, 0],
			"translation": [0, 3, 0],
			"scale": [0.4, 0.4, 0.4]
		},
		"ground": {
			"translation": [0, 4, 0],
			"scale": [0.3, 0.3, 0.3]
		},
		"gui": {
			"rotation": [25, 145, 0],
			"scale": [0.7, 0.7, 0.7]
		}
	}
}