{
	"credit": "Made with Blockbench",
	"texture_size": [64, 64],
	"textures": {
		"0": "item/custom/assassin",
		"particle": "item/custom/assassin"
	},
	"elements": [
		{
			"from": [0, 0, 0],
			"to": [16, 16, 16],
			"faces": {
				"north": {"uv": [4, 4, 8, 8], "texture": "#0"},
				"east": {"uv": [0, 4, 4, 8], "texture": "#0"},
				"south": {"uv": [12, 4, 16, 8], "texture": "#0"},
				"west": {"uv": [8, 4, 12, 8], "texture": "#0"},
				"down": {"uv": [8, 0, 12, 4], "texture": "#0"}
			}
		},
		{
			"from": [1, 4.5, 0.5],
			"to": [15, 14.5, 14.5],
			"faces": {
				"north": {"uv": [5.375, 8.375, 8.875, 10.875], "texture": "#0"},
				"east": {"uv": [1.875, 8.375, 5.375, 10.875], "texture": "#0"},
				"south": {"uv": [12.375, 8.375, 15.875, 10.875], "texture": "#0"},
				"west": {"uv": [8.875, 8.375, 12.375, 10.875], "texture": "#0"},
				"up": {"uv": [5.375, 10.875, 8.875, 14.375], "texture": "#0"}
			}
		},
		{
			"from": [7.95, 1.5, 14],
			"to": [8.05, 8, 21],
			"faces": {
				"east": {"uv": [10.75, 14.25, 8.875, 15.875], "texture": "#0"},
				"west": {"uv": [8.875, 14.25, 10.75, 15.875], "texture": "#0"}
			}
		},
		{
			"from": [-0.05, -3, 0],
			"to": [15.95, 0, 0.1],
			"faces": {
				"north": {"uv": [15.875, 14.875, 11.875, 15.625], "texture": "#0"},
				"south": {"uv": [11.875, 14.875, 15.875, 15.625], "texture": "#0"}
			}
		},
		{
			"from": [9, 10, 0],
			"to": [11, 12, 0.5],
			"faces": {
				"north": {"uv": [0.25, 8.875, 0.75, 9.375], "texture": "#0"},
				"east": {"uv": [0.125, 8.875, 0.25, 9.375], "texture": "#0"},
				"west": {"uv": [0.75, 8.875, 0.875, 9.375], "texture": "#0"},
				"up": {"uv": [0.75, 8.75, 0.25, 8.875], "texture": "#0"},
				"down": {"uv": [0.75, 9.375, 0.25, 9.5], "texture": "#0"}
			}
		},
		{
			"from": [10, 14, 4.5],
			"to": [15, 19, 5.5],
			"faces": {
				"north": {"uv": [0.375, 13.125, 1.625, 14.375], "texture": "#0"},
				"east": {"uv": [0.125, 13.125, 0.375, 14.375], "texture": "#0"},
				"south": {"uv": [0.375, 13.125, 1.625, 14.375], "texture": "#0"},
				"west": {"uv": [1.625, 13.125, 1.875, 14.375], "texture": "#0"}
			}
		},
		{
			"from": [10, 14, 5.5],
			"to": [15, 18, 6.5],
			"faces": {
				"east": {"uv": [0.125, 14.875, 0.375, 15.875], "texture": "#0"},
				"south": {"uv": [0.375, 14.875, 1.625, 15.875], "texture": "#0"},
				"west": {"uv": [1.625, 14.875, 1.875, 15.875], "texture": "#0"}
			}
		},
		{
			"from": [13.5, 15.5, 5.3],
			"to": [15, 20, 6.6],
			"rotation": {"angle": 22.5, "axis": "z", "origin": [15, 15.5, -0.5]},
			"faces": {
				"north": {"uv": [2.875, 13.25, 2.5, 14.375], "texture": "#0"},
				"east": {"uv": [3.125, 13.25, 2.875, 14.375], "texture": "#0"},
				"south": {"uv": [3.5, 13.25, 3.125, 14.375], "texture": "#0"},
				"west": {"uv": [3.5, 13.25, 3.25, 14.375], "texture": "#0"},
				"up": {"uv": [3.25, 12.875, 2.875, 13.125], "texture": "#0"},
				"down": {"uv": [3.25, 12.625, 2.875, 12.875], "texture": "#0"}
			}
		},
		{
			"from": [10, 15.5, 5.4],
			"to": [11.5, 20.5, 6.7],
			"rotation": {"angle": -22.5, "axis": "z", "origin": [10, 15.5, -0.5]},
			"faces": {
				"north": {"uv": [2.5, 13.125, 2.875, 14.375], "texture": "#0"},
				"east": {"uv": [3.25, 13.125, 3.5, 14.375], "texture": "#0"},
				"south": {"uv": [3.125, 13.125, 3.5, 14.375], "texture": "#0"},
				"west": {"uv": [2.875, 13.125, 3.125, 14.375], "texture": "#0"},
				"up": {"uv": [2.5, 12.875, 2.875, 13.125], "texture": "#0"},
				"down": {"uv": [2.875, 12.625, 3.25, 12.875], "texture": "#0"}
			}
		},
		{
			"from": [13.5, 16.5, 4.3],
			"to": [15, 21, 5.6],
			"rotation": {"angle": 22.5, "axis": "z", "origin": [15, 16.5, 0]},
			"faces": {
				"north": {"uv": [2.875, 13.25, 2.5, 14.375], "texture": "#0"},
				"east": {"uv": [3.125, 13.25, 2.875, 14.375], "texture": "#0"},
				"south": {"uv": [3.5, 13.25, 3.125, 14.375], "texture": "#0"},
				"west": {"uv": [2.5, 13.25, 2.25, 14.375], "texture": "#0"},
				"up": {"uv": [3.25, 12.625, 2.875, 12.875], "texture": "#0"},
				"down": {"uv": [3.25, 12.875, 2.875, 13.125], "texture": "#0"}
			}
		},
		{
			"from": [10, 16.5, 4.4],
			"to": [11.5, 21.5, 5.7],
			"rotation": {"angle": -22.5, "axis": "z", "origin": [10, 16.5, 0]},
			"faces": {
				"north": {"uv": [2.5, 13.125, 2.875, 14.375], "texture": "#0"},
				"east": {"uv": [2.25, 13.125, 2.5, 14.375], "texture": "#0"},
				"south": {"uv": [3.125, 13.125, 3.5, 14.375], "texture": "#0"},
				"west": {"uv": [2.875, 13.125, 3.125, 14.375], "texture": "#0"},
				"up": {"uv": [2.5, 12.875, 2.875, 13.125], "texture": "#0"},
				"down": {"uv": [2.875, 12.875, 3.25, 13.125], "texture": "#0"}
			}
		},
		{
			"from": [1, 14, 4.5],
			"to": [6, 19, 5.5],
			"faces": {
				"north": {"uv": [0.375, 13.125, 1.625, 14.375], "texture": "#0"},
				"east": {"uv": [1.875, 13.125, 1.625, 14.375], "texture": "#0"},
				"south": {"uv": [1.625, 13.125, 0.375, 14.375], "texture": "#0"},
				"west": {"uv": [0.375, 13.125, 0.125, 14.375], "texture": "#0"}
			}
		},
		{
			"from": [4.5, 15.5, 5.4],
			"to": [6, 20.5, 6.7],
			"rotation": {"angle": 22.5, "axis": "z", "origin": [6, 15.5, -0.5]},
			"faces": {
				"north": {"uv": [2.875, 13.125, 2.5, 14.375], "texture": "#0"},
				"east": {"uv": [3.125, 13.125, 2.875, 14.375], "texture": "#0"},
				"south": {"uv": [3.5, 13.125, 3.125, 14.375], "texture": "#0"},
				"west": {"uv": [3.5, 13.125, 3.25, 14.375], "texture": "#0"},
				"up": {"uv": [2.875, 12.875, 2.5, 13.125], "texture": "#0"},
				"down": {"uv": [3.25, 12.625, 2.875, 12.875], "texture": "#0"}
			}
		},
		{
			"from": [1, 15.5, 5.3],
			"to": [2.5, 20, 6.6],
			"rotation": {"angle": -22.5, "axis": "z", "origin": [1, 15.5, -0.5]},
			"faces": {
				"north": {"uv": [2.5, 13.25, 2.875, 14.375], "texture": "#0"},
				"east": {"uv": [3.25, 13.25, 3.5, 14.375], "texture": "#0"},
				"south": {"uv": [3.125, 13.25, 3.5, 14.375], "texture": "#0"},
				"west": {"uv": [2.875, 13.25, 3.125, 14.375], "texture": "#0"},
				"up": {"uv": [2.875, 12.875, 3.25, 13.125], "texture": "#0"},
				"down": {"uv": [2.875, 12.625, 3.25, 12.875], "texture": "#0"}
			}
		},
		{
			"from": [1, 14, 5.5],
			"to": [6, 18, 6.5],
			"faces": {
				"east": {"uv": [1.875, 14.875, 1.625, 15.875], "texture": "#0"},
				"south": {"uv": [1.625, 14.875, 0.375, 15.875], "texture": "#0"},
				"west": {"uv": [0.375, 14.875, 0.125, 15.875], "texture": "#0"}
			}
		},
		{
			"from": [4.5, 16.5, 4.4],
			"to": [6, 21.5, 5.7],
			"rotation": {"angle": 22.5, "axis": "z", "origin": [6, 16.5, 0]},
			"faces": {
				"north": {"uv": [2.875, 13.125, 2.5, 14.375], "texture": "#0"},
				"east": {"uv": [3.125, 13.125, 2.875, 14.375], "texture": "#0"},
				"south": {"uv": [3.5, 13.125, 3.125, 14.375], "texture": "#0"},
				"west": {"uv": [2.5, 13.125, 2.25, 14.375], "texture": "#0"},
				"up": {"uv": [2.875, 12.875, 2.5, 13.125], "texture": "#0"},
				"down": {"uv": [3.25, 12.875, 2.875, 13.125], "texture": "#0"}
			}
		},
		{
			"from": [1, 16.5, 4.3],
			"to": [2.5, 21, 5.6],
			"rotation": {"angle": -22.5, "axis": "z", "origin": [1, 16.5, 0]},
			"faces": {
				"north": {"uv": [2.5, 13.25, 2.875, 14.375], "texture": "#0"},
				"east": {"uv": [2.25, 13.25, 2.5, 14.375], "texture": "#0"},
				"south": {"uv": [3.125, 13.25, 3.5, 14.375], "texture": "#0"},
				"west": {"uv": [2.875, 13.25, 3.125, 14.375], "texture": "#0"},
				"up": {"uv": [2.875, 12.625, 3.25, 12.875], "texture": "#0"},
				"down": {"uv": [2.875, 12.875, 3.25, 13.125], "texture": "#0"}
			}
		},
		{
			"from": [5, 10, 0],
			"to": [7, 12, 0.5],
			"faces": {
				"north": {"uv": [0.25, 8.875, 0.75, 9.375], "texture": "#0"},
				"east": {"uv": [0.125, 8.875, 0.25, 9.375], "texture": "#0"},
				"west": {"uv": [0.75, 8.875, 0.875, 9.375], "texture": "#0"},
				"up": {"uv": [0.75, 8.75, 0.25, 8.875], "texture": "#0"},
				"down": {"uv": [0.75, 9.375, 0.25, 9.5], "texture": "#0"}
			}
		},
		{
			"from": [2, 2, 2],
			"to": [14, 14, 14],
			"faces": {
				"north": {"uv": [0.125, 0.5, 3.125, 3.5], "texture": "#0"},
				"east": {"uv": [3.125, 0.5, 6.125, 3.5], "texture": "#0"},
				"south": {"uv": [3.125, 0.5, 6.125, 3.5], "texture": "#0"},
				"west": {"uv": [3.125, 0.5, 6.125, 3.5], "texture": "#0"},
				"up": {"uv": [3.125, 0.5, 6.125, 3.5], "texture": "#0"}
			}
		}
	],
	"gui_light": "front",
	"display": {
		"thirdperson_righthand": {
			"scale": [0.3, 0.3, 0.3]
		},
		"firstperson_righthand": {
			"rotation": [-20, 145, 0],
			"translation": [0, 4.5, 0],
			"scale": [0.4, 0.4, 0.4]
		},
		"ground": {
			"translation": [0, 4, 0],
			"scale": [0.3, 0.3, 0.3]
		},
		"gui": {
			"rotation": [25, 145, 0],
			"scale": [0.7, 0.7, 0.7]
		}
	}
}