{
	"credit": "Made with Blockbench",
	"texture_size": [64, 64],
	"textures": {
		"0": "item/custom/fighter",
		"particle": "item/custom/fighter"
	},
	"elements": [
		{
			"from": [1, 9, 0.5],
			"to": [15, 11.5, 14.5],
			"faces": {
				"east": {"uv": [12.375, 1.75, 15.875, 2.375], "texture": "#0"},
				"south": {"uv": [8.875, 1.75, 12.375, 2.375], "texture": "#0"},
				"west": {"uv": [5.375, 1.75, 8.875, 2.375], "texture": "#0"}
			}
		},
		{
			"from": [1, 11.5, 4.5],
			"to": [15, 14.5, 7.5],
			"faces": {
				"east": {"uv": [15.25, 3, 16, 3.75], "rotation": 90, "texture": "#0"},
				"west": {"uv": [11, 3, 11.75, 3.75], "rotation": 270, "texture": "#0"},
				"up": {"uv": [11.75, 3, 15.25, 3.75], "texture": "#0"}
			}
		},
		{
			"from": [7.95, 8, 14.5],
			"to": [8.05, 14.5, 21.5],
			"faces": {
				"east": {"uv": [15.875, 14.25, 14, 15.875], "texture": "#0"},
				"west": {"uv": [14, 14.25, 15.875, 15.875], "texture": "#0"}
			}
		},
		{
			"from": [1, 8, -0.5],
			"to": [15, 12.5, 0.5],
			"faces": {
				"north": {"uv": [8.625, 0.375, 12.125, 1.5], "texture": "#0"},
				"east": {"uv": [8.375, 0.375, 8.625, 1.5], "texture": "#0"},
				"south": {"uv": [12.375, 0.375, 15.875, 1.5], "texture": "#0"},
				"west": {"uv": [12.125, 0.375, 12.375, 1.5], "texture": "#0"},
				"up": {"uv": [8.625, 0.125, 12.125, 0.375], "texture": "#0"},
				"down": {"uv": [12.125, 0.125, 15.625, 0.375], "texture": "#0"}
			}
		},
		{
			"from": [-0.5, 5.75, -1],
			"to": [4, 10.25, -0.9],
			"faces": {
				"north": {"uv": [14.625, 13, 15.75, 14.125], "texture": "#0"}
			}
		},
		{
			"from": [0.75, 13.75, 5.4],
			"to": [4.25, 17.25, 6.6],
			"rotation": {"angle": 0, "axis": "y", "origin": [0, 0, -0.5]},
			"faces": {
				"north": {"uv": [14.875, 4.125, 15.75, 5], "texture": "#0"},
				"east": {"uv": [12.125, 4.125, 12.25, 5], "texture": "#0"},
				"south": {"uv": [13.5, 4.125, 14.375, 5], "texture": "#0"},
				"west": {"uv": [12.875, 4.125, 13, 5], "texture": "#0"},
				"up": {"uv": [12.125, 4.125, 13, 4.25], "texture": "#0"},
				"down": {"uv": [12.125, 4.875, 13, 5], "texture": "#0"}
			}
		},
		{
			"from": [1.25, 13.25, 5.5],
			"to": [3.75, 17.75, 6.5],
			"rotation": {"angle": 0, "axis": "y", "origin": [0, 0, -0.5]},
			"faces": {
				"north": {"uv": [15, 4, 15.625, 5.125], "texture": "#0"},
				"east": {"uv": [15, 4, 15.125, 5.125], "texture": "#0"},
				"south": {"uv": [13.625, 4, 14.25, 5.125], "texture": "#0"},
				"west": {"uv": [15.5, 4, 15.625, 5.125], "texture": "#0"},
				"up": {"uv": [15, 4, 15.625, 4.125], "texture": "#0"}
			}
		},
		{
			"from": [0.25, 14.25, 5.5],
			"to": [4.75, 16.75, 6.5],
			"rotation": {"angle": 0, "axis": "y", "origin": [0, 0, -0.5]},
			"faces": {
				"north": {"uv": [14.75, 4.25, 15.875, 4.875], "texture": "#0"},
				"east": {"uv": [14.75, 4.25, 14.875, 4.875], "texture": "#0"},
				"south": {"uv": [13.375, 4.25, 14.5, 4.875], "texture": "#0"},
				"west": {"uv": [15.75, 4.25, 15.875, 4.875], "texture": "#0"},
				"up": {"uv": [14.75, 4.25, 15.875, 4.375], "texture": "#0"},
				"down": {"uv": [14.75, 4.75, 15.875, 4.875], "texture": "#0"}
			}
		},
		{
			"from": [11.75, 13.75, 5.4],
			"to": [15.25, 17.25, 6.6],
			"rotation": {"angle": 0, "axis": "y", "origin": [0, 0, -0.5]},
			"faces": {
				"north": {"uv": [14.875, 5.375, 15.75, 6.25], "texture": "#0"},
				"east": {"uv": [12.125, 4.125, 12.25, 5], "texture": "#0"},
				"south": {"uv": [13.5, 5.375, 14.375, 6.25], "texture": "#0"},
				"west": {"uv": [12.875, 4.125, 13, 5], "texture": "#0"},
				"up": {"uv": [12.125, 4.125, 13, 4.25], "texture": "#0"},
				"down": {"uv": [12.125, 4.875, 13, 5], "texture": "#0"}
			}
		},
		{
			"from": [12.25, 13.25, 5.5],
			"to": [14.75, 17.75, 6.5],
			"rotation": {"angle": 0, "axis": "y", "origin": [0, 0, -0.5]},
			"faces": {
				"north": {"uv": [15, 4, 15.625, 5.125], "texture": "#0"},
				"east": {"uv": [15, 4, 15.125, 5.125], "texture": "#0"},
				"south": {"uv": [13.625, 4, 14.25, 5.125], "texture": "#0"},
				"west": {"uv": [15.5, 4, 15.625, 5.125], "texture": "#0"},
				"up": {"uv": [15, 4, 15.625, 4.125], "texture": "#0"}
			}
		},
		{
			"from": [11.25, 14.25, 5.5],
			"to": [15.75, 16.75, 6.5],
			"rotation": {"angle": 0, "axis": "y", "origin": [0, 0, -0.5]},
			"faces": {
				"north": {"uv": [14.75, 4.25, 15.875, 4.875], "texture": "#0"},
				"east": {"uv": [14.75, 4.25, 14.875, 4.875], "texture": "#0"},
				"south": {"uv": [13.375, 4.25, 14.5, 4.875], "texture": "#0"},
				"west": {"uv": [15.75, 4.25, 15.875, 4.875], "texture": "#0"},
				"up": {"uv": [14.75, 4.25, 15.875, 4.375], "texture": "#0"},
				"down": {"uv": [14.75, 4.75, 15.875, 4.875], "texture": "#0"}
			}
		},
		{
			"from": [6, 1, 0],
			"to": [10, 3, 2],
			"faces": {
				"north": {"uv": [13.375, 12.125, 14.375, 12.625], "texture": "#0"},
				"east": {"uv": [14.375, 12.125, 14.875, 12.625], "texture": "#0"},
				"south": {"uv": [14.875, 12.125, 15.875, 12.625], "texture": "#0"},
				"west": {"uv": [12.875, 12.125, 13.375, 12.625], "texture": "#0"},
				"up": {"uv": [13.375, 11.625, 14.375, 12.125], "texture": "#0"},
				"down": {"uv": [14.375, 11.625, 15.375, 12.125], "texture": "#0"}
			}
		},
		{
			"from": [15, 8.5, 5.5],
			"to": [17, 12.5, 7.5],
			"faces": {
				"north": {"uv": [13.375, 11.625, 14.375, 12.125], "rotation": 270, "texture": "#0"},
				"east": {"uv": [13.375, 12.125, 14.375, 12.625], "rotation": 90, "texture": "#0"},
				"south": {"uv": [14.375, 11.625, 15.375, 12.125], "rotation": 270, "texture": "#0"},
				"west": {"uv": [14.875, 12.125, 15.875, 12.625], "rotation": 270, "texture": "#0"},
				"up": {"uv": [14.375, 12.125, 14.875, 12.625], "texture": "#0"},
				"down": {"uv": [12.875, 12.125, 13.375, 12.625], "rotation": 180, "texture": "#0"}
			}
		}
	],
	"gui_light": "front",
	"display": {
		"thirdperson_righthand": {
			"scale": [0.3, 0.3, 0.3]
		},
		"firstperson_righthand": {
			"rotation": [-20, 145, 0],
			"translation": [0, 4.5, 0],
			"scale": [0.4, 0.4, 0.4]
		},
		"ground": {
			"translation": [0, 4, 0],
			"scale": [0.3, 0.3, 0.3]
		},
		"gui": {
			"rotation": [25, 145, 0],
			"scale": [0.7, 0.7, 0.7]
		}
	}
}