{
	"credit": "Made with Blockbench",
	"texture_size": [64, 64],
	"textures": {
		"0": "item/custom/fighter_glove",
		"particle": "item/custom/fighter_glove"
	},
	"elements": [
		{
			"from": [6, 6, 5],
			"to": [9.5, 10.5, 12.5],
			"faces": {
				"north": {"uv": [8.5, 4, 10.25, 6.25], "texture": "#0"},
				"east": {"uv": [4.75, 4, 8.5, 6.25], "texture": "#0"},
				"south": {"uv": [14, 4, 15.75, 6.25], "texture": "#0"},
				"west": {"uv": [10.25, 4, 14, 6.25], "texture": "#0"},
				"up": {"uv": [8.5, 0.25, 10.25, 4], "texture": "#0"},
				"down": {"uv": [10.25, 0.25, 12, 4], "texture": "#0"}
			}
		},
		{
			"from": [5.75, 7, 5.5],
			"to": [6.25, 9.5, 7.5],
			"faces": {
				"north": {"uv": [14, 7.75, 14.25, 9], "texture": "#0"},
				"south": {"uv": [15.25, 7.75, 15.5, 9], "texture": "#0"},
				"west": {"uv": [14.25, 7.75, 15.25, 9], "texture": "#0"},
				"up": {"uv": [14, 6.75, 14.25, 7.75], "texture": "#0"},
				"down": {"uv": [14.25, 6.75, 14.5, 7.75], "texture": "#0"}
			}
		},
		{
			"from": [9.5, 7, 7],
			"to": [10, 9.5, 9.5],
			"faces": {
				"north": {"uv": [15.5, 0.25, 15.75, 1.5], "texture": "#0"},
				"east": {"uv": [14.25, 0.25, 15.5, 1.5], "texture": "#0"},
				"south": {"uv": [15.5, 0.25, 15.75, 1.5], "texture": "#0"},
				"up": {"uv": [15.5, 0.25, 15.75, 1.5], "texture": "#0"},
				"down": {"uv": [15.5, 0.25, 15.75, 1.5], "texture": "#0"}
			}
		},
		{
			"from": [6.25, 8.25, 3],
			"to": [8.75, 10.25, 6.5],
			"rotation": {"angle": 22.5, "axis": "x", "origin": [7.5, 9.25, 5]},
			"faces": {
				"north": {"uv": [12.75, 11.25, 14, 12.25], "texture": "#0"},
				"east": {"uv": [11, 11.25, 12.75, 12.25], "texture": "#0"},
				"west": {"uv": [14, 11.25, 15.75, 12.25], "texture": "#0"},
				"up": {"uv": [12.75, 9.5, 14, 11.25], "texture": "#0"},
				"down": {"uv": [14, 9.5, 15.25, 11.25], "texture": "#0"}
			}
		},
		{
			"from": [6.25, 9.75, 4.5],
			"to": [8.75, 11.75, 8],
			"rotation": {"angle": 45, "axis": "x", "origin": [8.5, 10.5, 6.5]},
			"faces": {
				"north": {"uv": [12.75, 11.25, 14, 12.25], "texture": "#0"},
				"east": {"uv": [11, 11.25, 12.75, 12.25], "texture": "#0"},
				"west": {"uv": [14, 11.25, 15.75, 12.25], "texture": "#0"},
				"up": {"uv": [12.75, 9.5, 14, 11.25], "texture": "#0"},
				"down": {"uv": [14, 9.5, 15.25, 11.25], "texture": "#0"}
			}
		},
		{
			"from": [6.25, 6.25, 3],
			"to": [8.75, 8.25, 6.5],
			"rotation": {"angle": -22.5, "axis": "x", "origin": [7.5, 7.25, 5]},
			"faces": {
				"north": {"uv": [12.75, 11.25, 14, 12.25], "texture": "#0"},
				"east": {"uv": [11, 11.25, 12.75, 12.25], "texture": "#0"},
				"west": {"uv": [14, 11.25, 15.75, 12.25], "texture": "#0"},
				"up": {"uv": [12.75, 9.5, 14, 11.25], "texture": "#0"},
				"down": {"uv": [14, 9.5, 15.25, 11.25], "texture": "#0"}
			}
		},
		{
			"from": [6.25, 4.75, 4.5],
			"to": [8.75, 6.75, 8],
			"rotation": {"angle": -45, "axis": "x", "origin": [7.5, 6, 6.5]},
			"faces": {
				"north": {"uv": [12.75, 11.25, 14, 12.25], "texture": "#0"},
				"east": {"uv": [11, 11.25, 12.75, 12.25], "texture": "#0"},
				"west": {"uv": [14, 11.25, 15.75, 12.25], "texture": "#0"},
				"up": {"uv": [12.75, 9.5, 14, 11.25], "texture": "#0"},
				"down": {"uv": [14, 9.5, 15.25, 11.25], "texture": "#0"}
			}
		},
		{
			"from": [8.75, 9.75, 5],
			"to": [9.25, 11.75, 8],
			"rotation": {"angle": 45, "axis": "x", "origin": [9, 10.5, 6.5]},
			"faces": {
				"north": {"uv": [11.75, 8.25, 12, 9.25], "texture": "#0"},
				"east": {"uv": [10.25, 8.25, 11.75, 9.25], "texture": "#0"},
				"up": {"uv": [11.5, 6.75, 11.75, 8.25], "texture": "#0"},
				"down": {"uv": [11.75, 6.75, 12, 8.25], "texture": "#0"}
			}
		},
		{
			"from": [8.75, 8.25, 3.5],
			"to": [9.25, 10.25, 6.5],
			"rotation": {"angle": 22.5, "axis": "x", "origin": [8, 9.25, 5]},
			"faces": {
				"north": {"uv": [11.75, 8.25, 12, 9.25], "texture": "#0"},
				"east": {"uv": [10.25, 8.25, 11.75, 9.25], "texture": "#0"},
				"up": {"uv": [11.5, 6.75, 11.75, 8.25], "texture": "#0"},
				"down": {"uv": [11.75, 6.75, 12, 8.25], "texture": "#0"}
			}
		},
		{
			"from": [8.75, 6.25, 3.5],
			"to": [9.25, 8.25, 6.5],
			"rotation": {"angle": -22.5, "axis": "x", "origin": [8, 7.25, 5]},
			"faces": {
				"north": {"uv": [11.75, 8.25, 12, 9.25], "texture": "#0"},
				"east": {"uv": [10.25, 8.25, 11.75, 9.25], "texture": "#0"},
				"up": {"uv": [11.5, 6.75, 11.75, 8.25], "texture": "#0"},
				"down": {"uv": [11.75, 6.75, 12, 8.25], "texture": "#0"}
			}
		},
		{
			"from": [8.75, 4.75, 5],
			"to": [9.25, 6.75, 8],
			"rotation": {"angle": -45, "axis": "x", "origin": [8, 6, 6.5]},
			"faces": {
				"north": {"uv": [11.75, 8.25, 12, 9.25], "texture": "#0"},
				"east": {"uv": [10.25, 8.25, 11.75, 9.25], "texture": "#0"},
				"up": {"uv": [11.5, 6.75, 11.75, 8.25], "texture": "#0"},
				"down": {"uv": [11.75, 6.75, 12, 8.25], "texture": "#0"}
			}
		},
		{
			"from": [6, 10.25, 5],
			"to": [6.5, 11.25, 6],
			"rotation": {"angle": 45, "axis": "x", "origin": [8.25, 10.5, 6.5]},
			"faces": {
				"north": {"uv": [12.5, 7.25, 12.75, 7.75], "texture": "#0"},
				"south": {"uv": [13.25, 7.25, 13.5, 7.75], "texture": "#0"},
				"west": {"uv": [12.75, 7.25, 13.25, 7.75], "texture": "#0"},
				"up": {"uv": [12.75, 6.75, 13, 7.25], "texture": "#0"},
				"down": {"uv": [13, 6.75, 13.25, 7.25], "texture": "#0"}
			}
		},
		{
			"from": [6, 8.75, 3.5],
			"to": [6.5, 9.75, 4.5],
			"rotation": {"angle": 22.5, "axis": "x", "origin": [7.25, 9.25, 5]},
			"faces": {
				"north": {"uv": [12.5, 7.25, 12.75, 7.75], "texture": "#0"},
				"south": {"uv": [13.25, 7.25, 13.5, 7.75], "texture": "#0"},
				"west": {"uv": [12.75, 7.25, 13.25, 7.75], "texture": "#0"},
				"up": {"uv": [12.75, 6.75, 13, 7.25], "texture": "#0"},
				"down": {"uv": [13, 6.75, 13.25, 7.25], "texture": "#0"}
			}
		},
		{
			"from": [6, 6.75, 3.5],
			"to": [6.5, 7.75, 4.5],
			"rotation": {"angle": -22.5, "axis": "x", "origin": [7.25, 7.25, 5]},
			"faces": {
				"north": {"uv": [12.5, 7.25, 12.75, 7.75], "texture": "#0"},
				"south": {"uv": [13.25, 7.25, 13.5, 7.75], "texture": "#0"},
				"west": {"uv": [12.75, 7.25, 13.25, 7.75], "texture": "#0"},
				"up": {"uv": [12.75, 6.75, 13, 7.25], "texture": "#0"},
				"down": {"uv": [13, 6.75, 13.25, 7.25], "texture": "#0"}
			}
		},
		{
			"from": [6, 5.25, 5],
			"to": [6.5, 6.25, 6],
			"rotation": {"angle": -45, "axis": "x", "origin": [7.25, 6, 6.5]},
			"faces": {
				"north": {"uv": [12.5, 7.25, 12.75, 7.75], "texture": "#0"},
				"south": {"uv": [13.25, 7.25, 13.5, 7.75], "texture": "#0"},
				"west": {"uv": [12.75, 7.25, 13.25, 7.75], "texture": "#0"},
				"up": {"uv": [12.75, 6.75, 13, 7.25], "texture": "#0"},
				"down": {"uv": [13, 6.75, 13.25, 7.25], "texture": "#0"}
			}
		}
	],
	"gui_light": "front",
	"display": {
		"thirdperson_righthand": {
			"translation": [0.25, -2.25, 2.5],
			"scale": [1.05, 1.05, 1.05]
		},
		"thirdperson_lefthand": {
			"rotation": [0, 0, 180],
			"translation": [0.25, -1.75, 2.5],
			"scale": [1.05, 1.05, 1.05]
		},
		"firstperson_righthand": {
			"rotation": [65, 5, 85],
			"translation": [1.5, 4.5, 0]
		},
		"firstperson_lefthand": {
			"rotation": [30, 40, -90],
			"translation": [-1, 2, 0]
		},
		"ground": {
			"rotation": [45, 0, 0],
			"translation": [0, 1.5, 0],
			"scale": [0.8, 0.8, 0.8]
		},
		"gui": {
			"rotation": [90, 45, 90],
			"scale": [1.5, 1.5, 1.5]
		},
		"head": {
			"rotation": [0, 0, 90],
			"translation": [0, 9, -1]
		},
		"fixed": {
			"rotation": [90, -45, 90],
			"scale": [1.5, 1.5, 1.5]
		}
	},
	"groups": [
		0,
		1,
		2,
		{
			"name": "group",
			"origin": [6.25, 4, 6.5],
			"color": 0,
			"children": [3, 4, 5, 6, 7, 8, 9, 10, 11, 12, 13, 14]
		}
	]
}