{
	"credit": "Made with Blockbench",
	"texture_size": [64, 64],
	"textures": {
		"0": "item/custom/hunter",
		"particle": "item/custom/hunter"
	},
	"elements": [
		{
			"from": [0, 0, 0],
			"to": [16, 16, 16],
			"faces": {
				"north": {"uv": [4, 4, 8, 8], "texture": "#0"},
				"east": {"uv": [0, 4, 4, 8], "texture": "#0"},
				"south": {"uv": [12, 4, 16, 8], "texture": "#0"},
				"west": {"uv": [8, 4, 12, 8], "texture": "#0"},
				"up": {"uv": [8, 4, 4, 0], "texture": "#0"},
				"down": {"uv": [12, 0, 8, 4], "texture": "#0"}
			}
		},
		{
			"from": [9.5, 0.5, -2],
			"to": [13, 4, 1.5],
			"faces": {
				"north": {"uv": [1.375, 9, 2.25, 9.875], "rotation": 90, "texture": "#0"},
				"east": {"uv": [2.25, 8.125, 3.125, 9], "rotation": 90, "texture": "#0"},
				"south": {"uv": [3.125, 9, 2.25, 9.875], "rotation": 270, "texture": "#0"},
				"west": {"uv": [1.375, 8.125, 2.25, 9], "rotation": 270, "texture": "#0"},
				"up": {"uv": [2.25, 9, 1.375, 9.875], "rotation": 270, "texture": "#0"},
				"down": {"uv": [2.25, 9, 3.125, 9.875], "rotation": 270, "texture": "#0"}
			}
		},
		{
			"from": [6.5, 1, -1.5],
			"to": [9.5, 3.5, 1],
			"faces": {
				"north": {"uv": [2.875, 11.5, 3.625, 12.125], "texture": "#0"},
				"up": {"uv": [2.875, 10.875, 3.625, 11.5], "rotation": 180, "texture": "#0"},
				"down": {"uv": [2.875, 12.125, 3.625, 12.75], "rotation": 180, "texture": "#0"}
			}
		},
		{
			"from": [5.75, 2, 0.5],
			"to": [10.25, 5, 2],
			"rotation": {"angle": 0, "axis": "z", "origin": [8, 1.5, 0]},
			"faces": {
				"north": {"uv": [1.25, 10.75, 2.375, 11.5], "texture": "#0"},
				"east": {"uv": [2.375, 10, 3.125, 10.375], "rotation": 90, "texture": "#0"},
				"west": {"uv": [2.375, 10.375, 3.125, 10], "rotation": 90, "texture": "#0"},
				"up": {"uv": [1.25, 10, 2.375, 10.375], "texture": "#0"},
				"down": {"uv": [1.25, 10.375, 2.375, 10.75], "texture": "#0"}
			}
		},
		{
			"from": [3, 0.5, -2],
			"to": [6.5, 4, 1.5],
			"faces": {
				"north": {"uv": [2.25, 9, 1.375, 9.875], "rotation": 270, "texture": "#0"},
				"east": {"uv": [1.375, 8.125, 2.25, 9], "rotation": 90, "texture": "#0"},
				"south": {"uv": [2.25, 9, 3.125, 9.875], "rotation": 90, "texture": "#0"},
				"west": {"uv": [2.25, 8.125, 3.125, 9], "rotation": 270, "texture": "#0"},
				"up": {"uv": [1.375, 9, 2.25, 9.875], "rotation": 90, "texture": "#0"},
				"down": {"uv": [3.125, 9, 2.25, 9.875], "rotation": 90, "texture": "#0"}
			}
		},
		{
			"from": [8, 1.25, -1.4],
			"to": [11, 4.25, 1.1],
			"rotation": {"angle": 45, "axis": "z", "origin": [8, 1.25, 0]},
			"faces": {
				"north": {"uv": [0.125, 10.625, 0.875, 11.375], "texture": "#0"},
				"east": {"uv": [0.125, 10, 0.875, 10.625], "rotation": 90, "texture": "#0"},
				"up": {"uv": [0.875, 10, 0.125, 10.625], "texture": "#0"}
			}
		},
		{
			"from": [9, 10.75, 16.1],
			"to": [13.5, 14.75, 16.2],
			"faces": {
				"south": {"uv": [3.875, 10, 5, 11], "texture": "#0"}
			}
		},
		{
			"from": [-1, 10, -8],
			"to": [-0.9, 17, 24],
			"rotation": {"angle": 22.5, "axis": "z", "origin": [-1, 10, 8]},
			"faces": {
				"east": {"uv": [8, 8, 9.75, 16], "rotation": 90, "texture": "#0"},
				"west": {"uv": [8, 16, 9.75, 8], "rotation": 90, "texture": "#0"}
			}
		},
		{
			"from": [16.9, 10, -8],
			"to": [17, 17, 24],
			"rotation": {"angle": -22.5, "axis": "z", "origin": [17, 10, 8]},
			"faces": {
				"east": {"uv": [14.25, 16, 16, 8], "rotation": 270, "texture": "#0"},
				"west": {"uv": [14.25, 8, 16, 16], "rotation": 270, "texture": "#0"}
			}
		},
		{
			"from": [-1, 10, -8],
			"to": [17, 10.1, 24],
			"faces": {
				"up": {"uv": [9.75, 8, 14.25, 16], "texture": "#0"},
				"down": {"uv": [9.75, 16, 14.25, 8], "texture": "#0"}
			}
		},
		{
			"from": [-0.1, 10.75, 3.75],
			"to": [0.4, 14.25, 7.25],
			"faces": {
				"west": {"uv": [0.125, 8.125, 1, 9], "texture": "#0"}
			}
		},
		{
			"from": [0.5, 15.5, 5],
			"to": [3, 18, 5.5],
			"rotation": {"angle": -45, "axis": "z", "origin": [1.5, 16, 6.75]},
			"faces": {
				"north": {"uv": [0.5, 12.25, 1.125, 12.875], "rotation": 270, "texture": "#0"},
				"east": {"uv": [1.75, 12.125, 1.125, 12.25], "rotation": 270, "texture": "#0"},
				"south": {"uv": [1.125, 12.25, 1.75, 12.875], "rotation": 90, "texture": "#0"},
				"west": {"uv": [1.125, 12.125, 0.5, 12.25], "rotation": 270, "texture": "#0"},
				"up": {"uv": [0.5, 12.125, 1.125, 12.25], "texture": "#0"},
				"down": {"uv": [1.125, 12.125, 1.75, 12.25], "texture": "#0"}
			}
		},
		{
			"from": [12.5, 14.5, 5],
			"to": [15, 17, 5.5],
			"rotation": {"angle": -45, "axis": "z", "origin": [14.5, 16, 6.75]},
			"faces": {
				"north": {"uv": [0.5, 12.25, 1.125, 12.875], "rotation": 270, "texture": "#0"},
				"east": {"uv": [1.75, 12.125, 1.125, 12.25], "rotation": 270, "texture": "#0"},
				"south": {"uv": [1.125, 12.25, 1.75, 12.875], "rotation": 90, "texture": "#0"},
				"west": {"uv": [1.125, 12.125, 0.5, 12.25], "rotation": 270, "texture": "#0"},
				"up": {"uv": [0.5, 12.125, 1.125, 12.25], "texture": "#0"},
				"down": {"uv": [1.125, 12.125, 1.75, 12.25], "texture": "#0"}
			}
		}
	],
	"gui_light": "front",
	"display": {
		"thirdperson_righthand": {
			"scale": [0.3, 0.3, 0.3]
		},
		"firstperson_righthand": {
			"rotation": [-20, 145, 0],
			"translation": [0, 4.5, 0],
			"scale": [0.4, 0.4, 0.4]
		},
		"ground": {
			"translation": [0, 4, 0],
			"scale": [0.3, 0.3, 0.3]
		},
		"gui": {
			"rotation": [25, 145, 0],
			"scale": [0.6, 0.6, 0.6]
		},
		"head": {
			"translation": [0, -0.75, 0]
		}
	}
}