{
	"credit": "Made with Blockbench",
	"texture_size": [64, 64],
	"textures": {
		"0": "item/custom/hunter_revolver",
		"particle": "item/custom/hunter_revolver"
	},
	"elements": [
		{
			"from": [7, 9.5, 0],
			"to": [9, 11.5, 14.5],
			"faces": {
				"north": {"uv": [7.75, 0, 8.75, 1], "texture": "#0"},
				"east": {"uv": [16, 0, 8.75, 1], "texture": "#0"},
				"south": {"uv": [7.75, 1, 8.75, 2], "texture": "#0"},
				"west": {"uv": [8.75, 0, 16, 1], "texture": "#0"},
				"up": {"uv": [8.75, 1, 16, 2], "rotation": 90, "texture": "#0"},
				"down": {"uv": [8.75, 2, 16, 3], "rotation": 270, "texture": "#0"}
			}
		},
		{
			"from": [7, 6, 0],
			"to": [9, 8, 9],
			"faces": {
				"north": {"uv": [10.5, 5.75, 11.5, 6.75], "texture": "#0"},
				"east": {"uv": [16, 5.75, 11.5, 6.75], "texture": "#0"},
				"south": {"uv": [7.75, 0, 8.75, 1], "texture": "#0"},
				"west": {"uv": [11.5, 5.75, 16, 6.75], "texture": "#0"},
				"up": {"uv": [11.5, 4.75, 16, 5.75], "rotation": 90, "texture": "#0"},
				"down": {"uv": [11.5, 6.75, 16, 7.75], "rotation": 270, "texture": "#0"}
			}
		},
		{
			"from": [7.5, 8, 0.5],
			"to": [8.5, 9.5, 7.5],
			"faces": {
				"north": {"uv": [12, 3.5, 12.5, 4.25], "texture": "#0"},
				"east": {"uv": [16, 3.5, 12.5, 4.25], "texture": "#0"},
				"west": {"uv": [12.5, 3.5, 16, 4.25], "texture": "#0"}
			}
		},
		{
			"from": [7.5, 11.5, 6.5],
			"to": [8.5, 12, 13.5],
			"faces": {
				"north": {"uv": [11.75, 1.25, 12, 1.75], "rotation": 270, "texture": "#0"},
				"east": {"uv": [15.5, 1, 12, 1.25], "texture": "#0"},
				"south": {"uv": [13, 1.25, 13.25, 1.75], "rotation": 90, "texture": "#0"},
				"west": {"uv": [12, 1.75, 15.5, 2], "texture": "#0"},
				"up": {"uv": [12, 1.25, 15.5, 1.75], "rotation": 90, "texture": "#0"}
			}
		},
		{
			"from": [6.75, 8, 12.5],
			"to": [9.25, 10, 15.5],
			"faces": {
				"east": {"uv": [2.25, 5.5, 0.75, 6.5], "texture": "#0"},
				"south": {"uv": [2.25, 5.5, 3.5, 6.5], "texture": "#0"},
				"west": {"uv": [0.75, 5.5, 2.25, 6.5], "texture": "#0"},
				"up": {"uv": [0.75, 4.25, 2.25, 5.5], "rotation": 90, "texture": "#0"},
				"down": {"uv": [0.75, 6.5, 2.25, 7.75], "rotation": 270, "texture": "#0"}
			}
		},
		{
			"from": [7.6, 9.5, 14.5],
			"to": [8.4, 10.5, 16.5],
			"rotation": {"angle": -22.5, "axis": "x", "origin": [8, 10, 14.5]},
			"faces": {
				"east": {"uv": [5.25, 6.5, 4.25, 7], "texture": "#0"},
				"south": {"uv": [5.25, 6.5, 5.75, 7], "texture": "#0"},
				"west": {"uv": [4.25, 6.5, 5.25, 7], "texture": "#0"},
				"up": {"uv": [4.25, 6, 5.25, 6.5], "rotation": 90, "texture": "#0"},
				"down": {"uv": [4.25, 7, 5.25, 7.5], "rotation": 270, "texture": "#0"}
			}
		},
		{
			"from": [7, 1, 12],
			"to": [9, 8, 15.5],
			"rotation": {"angle": -22.5, "axis": "x", "origin": [8, 8, 12]},
			"faces": {
				"north": {"uv": [12, 11.25, 13, 14.75], "texture": "#0"},
				"east": {"uv": [14.75, 11.25, 13, 14.75], "texture": "#0"},
				"south": {"uv": [14.75, 11.25, 15.75, 14.75], "texture": "#0"},
				"west": {"uv": [13, 11.25, 14.75, 14.75], "texture": "#0"},
				"down": {"uv": [13, 14.75, 14.75, 15.75], "rotation": 270, "texture": "#0"}
			}
		},
		{
			"from": [6.5, 8, 7.5],
			"to": [9.5, 11, 12.5],
			"faces": {
				"north": {"uv": [1.75, 1.5, 3.25, 3], "texture": "#0"},
				"east": {"uv": [5.75, 1.5, 3.25, 3], "texture": "#0"},
				"south": {"uv": [5.75, 1.5, 7.25, 3], "texture": "#0"},
				"west": {"uv": [3.25, 1.5, 5.75, 3], "texture": "#0"},
				"up": {"uv": [3.25, 0, 5.75, 1.5], "rotation": 90, "texture": "#0"},
				"down": {"uv": [3.25, 3, 5.75, 4.5], "rotation": 270, "texture": "#0"}
			}
		},
		{
			"from": [7.5, 5.5, 8.9],
			"to": [8.5, 8, 13.4],
			"faces": {
				"north": {"uv": [7, 3.75, 7.5, 5], "texture": "#0"},
				"east": {"uv": [9.75, 3.75, 7.5, 5], "texture": "#0"},
				"west": {"uv": [7.5, 3.75, 9.75, 5], "texture": "#0"},
				"down": {"uv": [7.5, 5, 9.75, 5.5], "rotation": 270, "texture": "#0"}
			}
		},
		{
			"from": [7.6, 6, 11],
			"to": [8.4, 8, 11.5],
			"rotation": {"angle": 22.5, "axis": "x", "origin": [8, 8, 11.5]},
			"faces": {
				"north": {"uv": [0.25, 1.25, 0.5, 2.25], "texture": "#0"},
				"east": {"uv": [0.25, 1.25, 0.5, 2.25], "texture": "#0"},
				"south": {"uv": [0.25, 1.25, 0.5, 2.25], "texture": "#0"},
				"west": {"uv": [0.25, 1.25, 0.5, 2.25], "texture": "#0"},
				"down": {"uv": [0.25, 2.25, 0.5, 2.5], "texture": "#0"}
			}
		}
	],
	"gui_light": "front",
	"display": {
		"thirdperson_righthand": {
			"translation": [0, 0.5, -3],
			"scale": [0.7, 0.7, 0.7]
		},
		"firstperson_righthand": {
			"translation": [0.5, 1, -7]
		},
		"ground": {
			"rotation": [45, 0, 0],
			"translation": [0, 5, 0],
			"scale": [0.7, 0.7, 0.7]
		},
		"gui": {
			"rotation": [-90, 135, 90],
			"translation": [0, 1, 0],
			"scale": [0.85, 0.85, 0.85]
		},
		"head": {
			"translation": [0, 8.5, 0]
		},
		"fixed": {
			"rotation": [90, -45, 90],
			"translation": [0.5, 0.5, 0]
		}
	}
}