{
	"credit": "Made with Blockbench",
	"texture_size": [64, 64],
	"textures": {
		"0": "item/custom/imitator",
		"particle": "item/custom/imitator"
	},
	"elements": [
		{
			"from": [0, -2, 7],
			"to": [16, 18, 9],
			"faces": {
				"north": {"uv": [11.25, 10.75, 15.25, 15.75], "texture": "#0"},
				"east": {"uv": [10.75, 10.75, 11.25, 15.75], "texture": "#0"},
				"south": {"uv": [6.75, 10.75, 10.75, 15.75], "texture": "#0"},
				"west": {"uv": [15.25, 10.75, 15.75, 15.75], "texture": "#0"},
				"up": {"uv": [10.75, 6.75, 11.25, 10.75], "rotation": 90, "texture": "#0"},
				"down": {"uv": [11.25, 6.75, 11.75, 10.75], "rotation": 90, "texture": "#0"}
			}
		},
		{
			"from": [0, 5.5, 9],
			"to": [16, 10.5, 11],
			"faces": {
				"east": {"uv": [11.875, 0.125, 11.375, 1.375], "texture": "#0"},
				"south": {"uv": [11.875, 0.125, 15.875, 1.375], "texture": "#0"},
				"west": {"uv": [11.375, 0.125, 11.875, 1.375], "texture": "#0"}
			}
		}
	],
	"gui_light": "front",
	"display": {
		"thirdperson_righthand": {
			"rotation": [0, 90, 0],
			"translation": [-1.5, 0, 0],
			"scale": [0.3, 0.3, 0.3]
		},
		"firstperson_righthand": {
			"rotation": [-20, 145, 0],
			"translation": [0, 3, 0],
			"scale": [0.4, 0.4, 0.4]
		},
		"ground": {
			"translation": [0, 4, 0],
			"scale": [0.4, 0.4, 0.4]
		},
		"gui": {
			"rotation": [25, 145, 0],
			"scale": [0.7, 0.7, 0.7]
		},
		"head": {
			"rotation": [10, 15, -5],
			"translation": [-6, 5, -8],
			"scale": [0.6, 0.6, 0.6]
		}
	}
}