{
	"credit": "Made with Blockbench",
	"texture_size": [64, 64],
	"textures": {
		"0": "item/custom/mage_wand",
		"particle": "item/custom/mage_wand"
	},
	"elements": [
		{
			"from": [7.5, -8, 7.5],
			"to": [8.5, 15.5, 8.5],
			"faces": {
				"north": {"uv": [14.25, 0.25, 14.75, 12], "texture": "#0"},
				"east": {"uv": [13.75, 0.25, 14.25, 12], "texture": "#0"},
				"south": {"uv": [15.25, 0.25, 15.75, 12], "texture": "#0"},
				"west": {"uv": [14.75, 0.25, 15.25, 12], "texture": "#0"},
				"down": {"uv": [14.75, 12, 15.25, 12.5], "texture": "#0"}
			}
		},
		{
			"from": [7.5, 18, 5.5],
			"to": [8.5, 19, 10.5],
			"faces": {
				"north": {"uv": [6.25, 5.75, 6.75, 6.25], "texture": "#0"},
				"east": {"uv": [3.75, 5.75, 6.25, 6.25], "texture": "#0"},
				"south": {"uv": [9.25, 5.75, 9.75, 6.25], "texture": "#0"},
				"west": {"uv": [6.75, 5.75, 9.25, 6.25], "texture": "#0"},
				"up": {"uv": [6.25, 3.25, 6.75, 5.75], "texture": "#0"},
				"down": {"uv": [6.75, 3.25, 7.25, 5.75], "texture": "#0"}
			}
		},
		{
			"from": [7.75, 17.5, 5.75],
			"to": [8.25, 22, 6.25],
			"faces": {
				"north": {"uv": [4.25, 1.25, 4.5, 3.5], "texture": "#0"},
				"east": {"uv": [4, 1.25, 4.25, 3.5], "texture": "#0"},
				"south": {"uv": [4.75, 1.25, 5, 3.5], "texture": "#0"},
				"west": {"uv": [4.5, 1.25, 4.75, 3.5], "texture": "#0"},
				"up": {"uv": [4.25, 1, 4.5, 1.25], "texture": "#0"},
				"down": {"uv": [4.5, 1, 4.75, 1.25], "texture": "#0"}
			}
		},
		{
			"from": [7.75, 17.5, 9.75],
			"to": [8.25, 22, 10.25],
			"faces": {
				"north": {"uv": [4.25, 1.25, 4.5, 3.5], "texture": "#0"},
				"east": {"uv": [4, 1.25, 4.25, 3.5], "texture": "#0"},
				"south": {"uv": [4.75, 1.25, 5, 3.5], "texture": "#0"},
				"west": {"uv": [4.5, 1.25, 4.75, 3.5], "texture": "#0"},
				"up": {"uv": [4.25, 1, 4.5, 1.25], "texture": "#0"},
				"down": {"uv": [4.5, 1, 4.75, 1.25], "texture": "#0"}
			}
		},
		{
			"from": [7.5, 9, 5.5],
			"to": [8.5, 14, 6.5],
			"rotation": {"angle": 0, "axis": "y", "origin": [0, -1.5, 16]},
			"faces": {
				"north": {"uv": [11.75, 11.75, 12.25, 14.25], "texture": "#0"},
				"east": {"uv": [11.25, 11.75, 11.75, 14.25], "texture": "#0"},
				"south": {"uv": [12.75, 11.75, 13.25, 14.25], "texture": "#0"},
				"west": {"uv": [12.25, 11.75, 12.75, 14.25], "texture": "#0"},
				"up": {"uv": [11.75, 11.25, 12.25, 11.75], "texture": "#0"},
				"down": {"uv": [11.75, 11.25, 12.25, 11.75], "texture": "#0"}
			}
		},
		{
			"from": [7.6, 7, 6],
			"to": [8.4, 10, 7],
			"rotation": {"angle": -45, "axis": "x", "origin": [8, 9, 7]},
			"faces": {
				"north": {"uv": [12.75, 7.25, 13.25, 8.75], "texture": "#0"},
				"east": {"uv": [12.25, 7.25, 12.75, 8.75], "texture": "#0"},
				"south": {"uv": [11.75, 7.25, 12.25, 8.75], "texture": "#0"},
				"west": {"uv": [11.25, 7.25, 11.75, 8.75], "texture": "#0"}
			}
		},
		{
			"from": [7.6, 13, 6],
			"to": [8.4, 16, 7],
			"rotation": {"angle": 45, "axis": "x", "origin": [8, 14, 7]},
			"faces": {
				"north": {"uv": [12.75, 7.25, 13.25, 8.75], "texture": "#0"},
				"east": {"uv": [12.25, 7.25, 12.75, 8.75], "texture": "#0"},
				"south": {"uv": [11.75, 7.25, 12.25, 8.75], "texture": "#0"},
				"west": {"uv": [11.25, 7.25, 11.75, 8.75], "texture": "#0"}
			}
		},
		{
			"from": [7.75, 17.25, 9],
			"to": [8.25, 18.25, 9.5],
			"rotation": {"angle": -45, "axis": "x", "origin": [8, 17.25, 9.5]},
			"faces": {
				"east": {"uv": [2.75, 3.75, 3, 4], "texture": "#0"},
				"south": {"uv": [2.75, 3.75, 3, 4], "texture": "#0"},
				"west": {"uv": [2.75, 3.75, 3, 4], "texture": "#0"}
			}
		},
		{
			"from": [7.75, 19, 7.75],
			"to": [8.25, 19.5, 8.25],
			"faces": {
				"north": {"uv": [2.75, 3.75, 3, 4], "texture": "#0"},
				"east": {"uv": [2.75, 3.75, 3, 4], "texture": "#0"},
				"south": {"uv": [2.75, 3.75, 3, 4], "texture": "#0"},
				"west": {"uv": [2.75, 3.75, 3, 4], "texture": "#0"},
				"up": {"uv": [2.75, 3.75, 3, 4], "texture": "#0"}
			}
		},
		{
			"from": [7.25, 13.75, 8.5],
			"to": [8.75, 17.25, 10],
			"rotation": {"angle": 0, "axis": "y", "origin": [0, 1.5, 16]},
			"faces": {
				"north": {"uv": [11, 1, 11.75, 2.75], "texture": "#0"},
				"east": {"uv": [10.25, 1, 11, 2.75], "texture": "#0"},
				"south": {"uv": [12.5, 1, 13.25, 2.75], "texture": "#0"},
				"west": {"uv": [11.75, 1, 12.5, 2.75], "texture": "#0"},
				"up": {"uv": [11, 0.25, 11.75, 1], "texture": "#0"},
				"down": {"uv": [11.75, 0.25, 12.5, 1], "texture": "#0"}
			}
		},
		{
			"from": [7.25, -7.25, 7.25],
			"to": [8.75, -2.75, 8.75],
			"faces": {
				"north": {"uv": [11, 4.5, 11.75, 6.75], "texture": "#0"},
				"east": {"uv": [10.25, 4.5, 11, 6.75], "texture": "#0"},
				"south": {"uv": [12.5, 4.5, 13.25, 6.75], "texture": "#0"},
				"west": {"uv": [11.75, 4.5, 12.5, 6.75], "texture": "#0"},
				"up": {"uv": [11, 3.75, 11.75, 4.5], "texture": "#0"},
				"down": {"uv": [11.75, 3.75, 12.5, 4.5], "texture": "#0"}
			}
		},
		{
			"from": [7, 15.5, 7],
			"to": [9, 18.5, 9],
			"faces": {
				"north": {"uv": [6.5, 1.25, 7.5, 2.75], "texture": "#0"},
				"east": {"uv": [5.5, 1.25, 6.5, 2.75], "texture": "#0"},
				"south": {"uv": [8.5, 1.25, 9.5, 2.75], "texture": "#0"},
				"west": {"uv": [7.5, 1.25, 8.5, 2.75], "texture": "#0"},
				"up": {"uv": [6.5, 0.25, 7.5, 1.25], "texture": "#0"},
				"down": {"uv": [7.5, 0.25, 8.5, 1.25], "texture": "#0"}
			}
		},
		{
			"from": [7.25, 21.25, 7.25],
			"to": [8.75, 22.75, 8.75],
			"rotation": {"angle": 45, "axis": "z", "origin": [8, 22, 8]},
			"faces": {
				"north": {"uv": [5.75, 8, 6.5, 8.75], "texture": "#0"},
				"east": {"uv": [5, 8, 5.75, 8.75], "texture": "#0"},
				"south": {"uv": [7.25, 8, 8, 8.75], "texture": "#0"},
				"west": {"uv": [6.5, 8, 7.25, 8.75], "texture": "#0"},
				"up": {"uv": [5.75, 7.25, 6.5, 8], "texture": "#0"},
				"down": {"uv": [6.5, 7.25, 7.25, 8], "texture": "#0"}
			}
		},
		{
			"from": [7.25, 21.25, 7.25],
			"to": [8.75, 22.75, 8.75],
			"rotation": {"angle": 45, "axis": "y", "origin": [8, 22, 8]},
			"faces": {
				"north": {"uv": [5.75, 8, 6.5, 8.75], "texture": "#0"},
				"east": {"uv": [5, 8, 5.75, 8.75], "texture": "#0"},
				"south": {"uv": [7.25, 8, 8, 8.75], "texture": "#0"},
				"west": {"uv": [6.5, 8, 7.25, 8.75], "texture": "#0"},
				"up": {"uv": [5.75, 7.25, 6.5, 8], "texture": "#0"},
				"down": {"uv": [6.5, 7.25, 7.25, 8], "texture": "#0"}
			}
		},
		{
			"from": [7.25, 21.25, 7.25],
			"to": [8.75, 22.75, 8.75],
			"rotation": {"angle": 45, "axis": "x", "origin": [8, 22, 8]},
			"faces": {
				"north": {"uv": [5.75, 8, 6.5, 8.75], "texture": "#0"},
				"east": {"uv": [5, 8, 5.75, 8.75], "texture": "#0"},
				"south": {"uv": [7.25, 8, 8, 8.75], "texture": "#0"},
				"west": {"uv": [6.5, 8, 7.25, 8.75], "texture": "#0"},
				"up": {"uv": [5.75, 7.25, 6.5, 8], "texture": "#0"},
				"down": {"uv": [6.5, 7.25, 7.25, 8], "texture": "#0"}
			}
		}
	],
	"gui_light": "front",
	"display": {
		"thirdperson_righthand": {
			"translation": [0, -5.5, -0.5]
		},
		"firstperson_righthand": {
			"rotation": [-10, 0, 0],
			"translation": [0, 1.5, 0]
		},
		"ground": {
			"rotation": [-45, 0, 0],
			"translation": [0, 4, 0],
			"scale": [0.5, 0.5, 0.5]
		},
		"gui": {
			"rotation": [91, 135, -91],
			"scale": [0.67, 0.67, 0.67]
		},
		"fixed": {
			"rotation": [-90, -45, -90],
			"scale": [0.8, 0.8, 0.8]
		}
	}
}