{
	"credit": "Made with Blockbench",
	"texture_size": [64, 64],
	"textures": {
		"0": "item/custom/warrior",
		"particle": "item/custom/warrior"
	},
	"elements": [
		{
			"from": [0, 0, 0],
			"to": [16, 16, 16],
			"faces": {
				"north": {"uv": [4, 4, 8, 8], "texture": "#0"},
				"east": {"uv": [0, 4, 4, 8], "texture": "#0"},
				"south": {"uv": [12, 4, 16, 8], "texture": "#0"},
				"west": {"uv": [8, 4, 12, 8], "texture": "#0"},
				"up": {"uv": [8, 4, 4, 0], "texture": "#0"},
				"down": {"uv": [12, 0, 8, 4], "texture": "#0"}
			}
		},
		{
			"from": [-0.5, 1.5, -0.5],
			"to": [16.5, 16.5, 13.5],
			"faces": {
				"north": {"uv": [7.75, 8.25, 12, 12], "texture": "#0"},
				"east": {"uv": [4.25, 8.25, 7.75, 12], "texture": "#0"},
				"west": {"uv": [12, 8.25, 15.5, 12], "texture": "#0"},
				"up": {"uv": [7.75, 15.5, 12, 12], "texture": "#0"}
			}
		},
		{
			"from": [9.5, 16.5, 6.5],
			"to": [13, 23.5, 7.5],
			"faces": {
				"north": {"uv": [0.5, 11.375, 1.375, 13.125], "texture": "#0"},
				"east": {"uv": [0.25, 11.375, 0.5, 13.125], "texture": "#0"},
				"south": {"uv": [1.5, 11.375, 2.375, 13.125], "texture": "#0"},
				"west": {"uv": [2.375, 11.375, 2.625, 13.125], "texture": "#0"},
				"up": {"uv": [0.5, 11.25, 1.375, 11.5], "rotation": 180, "texture": "#0"}
			}
		},
		{
			"from": [3, 16.5, 6.5],
			"to": [6.5, 23.5, 7.5],
			"faces": {
				"north": {"uv": [0.5, 11.375, 1.375, 13.125], "texture": "#0"},
				"east": {"uv": [0.25, 11.375, 0.5, 13.125], "texture": "#0"},
				"south": {"uv": [1.5, 11.375, 2.375, 13.125], "texture": "#0"},
				"west": {"uv": [2.375, 11.375, 2.625, 13.125], "texture": "#0"},
				"up": {"uv": [0.5, 11.25, 1.375, 11.5], "rotation": 180, "texture": "#0"}
			}
		},
		{
			"from": [-1, 4, 4.5],
			"to": [17, 10.5, 11],
			"faces": {
				"east": {"uv": [0.5, 8.875, 2.125, 10.5], "texture": "#0"},
				"west": {"uv": [2.375, 8.875, 4, 10.5], "texture": "#0"}
			}
		}
	],
	"gui_light": "front",
	"display": {
		"thirdperson_righthand": {
			"scale": [0.3, 0.3, 0.3]
		},
		"firstperson_righthand": {
			"rotation": [-20, 145, 0],
			"translation": [0, 4.5, 0],
			"scale": [0.4, 0.4, 0.4]
		},
		"ground": {
			"translation": [0, 4, 0],
			"scale": [0.3, 0.3, 0.3]
		},
		"gui": {
			"rotation": [25, 145, 0],
			"translation": [0, -0.5, 0],
			"scale": [0.7, 0.7, 0.7]
		}
	}
}