{
	"credit": "Made with Blockbench",
	"texture_size": [64, 64],
	"textures": {
		"0": "item/custom/warrior_sword",
		"particle": "item/custom/warrior_sword"
	},
	"elements": [
		{
			"from": [7.5, 9.5, 6.5],
			"to": [8.5, 29, 8.5],
			"faces": {
				"north": {"uv": [13.75, 1.25, 14.25, 11], "texture": "#0"},
				"east": {"uv": [12.75, 1.25, 13.75, 11], "texture": "#0"},
				"south": {"uv": [15.25, 1.25, 15.75, 11], "texture": "#0"},
				"west": {"uv": [14.25, 1.25, 15.25, 11], "texture": "#0"},
				"up": {"uv": [13.75, 0.25, 14.25, 1.25], "texture": "#0"}
			}
		},
		{
			"from": [7.25, 6.5, 5],
			"to": [8.75, 9.5, 8.5],
			"faces": {
				"north": {"uv": [7.5, 2, 8.25, 3.5], "texture": "#0"},
				"east": {"uv": [10, 2, 8.25, 3.5], "texture": "#0"},
				"south": {"uv": [6.75, 2, 7.5, 3.5], "texture": "#0"},
				"west": {"uv": [8.25, 2, 10, 3.5], "texture": "#0"},
				"up": {"uv": [7.5, 0.25, 8.25, 2], "texture": "#0"},
				"down": {"uv": [8.25, 0.25, 9, 2], "texture": "#0"}
			}
		},
		{
			"from": [7.25, -2, 7.25],
			"to": [8.75, 6, 8.75],
			"faces": {
				"north": {"uv": [2.75, 1, 3.5, 5], "texture": "#0"},
				"east": {"uv": [2, 1, 2.75, 5], "texture": "#0"},
				"south": {"uv": [4.25, 1, 5, 5], "texture": "#0"},
				"west": {"uv": [3.5, 1, 4.25, 5], "texture": "#0"},
				"down": {"uv": [3.5, 0.25, 4.25, 1], "texture": "#0"}
			}
		},
		{
			"from": [7, 6, 7],
			"to": [9, 8.5, 9],
			"faces": {
				"north": {"uv": [12.75, 12.5, 13.75, 13.75], "texture": "#0"},
				"east": {"uv": [11.75, 12.5, 12.75, 13.75], "texture": "#0"},
				"south": {"uv": [14.75, 12.5, 15.75, 13.75], "texture": "#0"},
				"west": {"uv": [13.75, 12.5, 14.75, 13.75], "texture": "#0"},
				"up": {"uv": [12.75, 11.5, 13.75, 12.5], "texture": "#0"},
				"down": {"uv": [13.75, 11.5, 14.75, 12.5], "texture": "#0"}
			}
		},
		{
			"from": [7.5, 6.5, 9],
			"to": [8.5, 7.5, 10.5],
			"faces": {
				"east": {"uv": [7.5, 9, 8.25, 9.5], "texture": "#0"},
				"south": {"uv": [8.75, 9, 9.25, 9.5], "texture": "#0"},
				"west": {"uv": [9.25, 9, 10, 9.5], "texture": "#0"},
				"up": {"uv": [8.25, 8.25, 8.75, 9], "texture": "#0"},
				"down": {"uv": [8.75, 8.25, 9.25, 9], "texture": "#0"}
			}
		},
		{
			"from": [7.5, 0, 5.5],
			"to": [8.5, 6.5, 6.5],
			"faces": {
				"north": {"uv": [8.5, 4.5, 9, 7.75], "texture": "#0"},
				"east": {"uv": [8, 4.5, 8.5, 7.75], "texture": "#0"},
				"south": {"uv": [9.5, 4.5, 10, 7.75], "texture": "#0"},
				"west": {"uv": [9, 4.5, 9.5, 7.75], "texture": "#0"},
				"down": {"uv": [9, 4, 9.5, 4.5], "texture": "#0"}
			}
		},
		{
			"from": [7.5, 7.5, 9.5],
			"to": [8.5, 13.5, 10.5],
			"rotation": {"angle": 0, "axis": "y", "origin": [8, 10.25, 10]},
			"faces": {
				"north": {"uv": [7, 4.5, 7.5, 7.5], "texture": "#0"},
				"east": {"uv": [6.5, 4.5, 7, 7.5], "texture": "#0"},
				"south": {"uv": [6, 4.5, 6.5, 7.5], "texture": "#0"},
				"west": {"uv": [5.5, 4.5, 6, 7.5], "texture": "#0"},
				"up": {"uv": [6, 4, 6.5, 4.5], "rotation": 180, "texture": "#0"}
			}
		},
		{
			"from": [7.6, -2.8, 5.5],
			"to": [8.4, 0, 6.5],
			"rotation": {"angle": -45, "axis": "x", "origin": [8, 0, 5.5]},
			"faces": {
				"north": {"uv": [8.5, 10, 9, 11.45], "texture": "#0"},
				"east": {"uv": [8, 10, 8.5, 11.45], "texture": "#0"},
				"south": {"uv": [9.5, 10, 10, 11.45], "texture": "#0"},
				"west": {"uv": [9, 10, 9.5, 11.45], "texture": "#0"}
			}
		},
		{
			"from": [7.6, 13.5, 9.5],
			"to": [8.4, 16.5, 10.5],
			"rotation": {"angle": -45, "axis": "x", "origin": [8, 13.5, 10.5]},
			"faces": {
				"north": {"uv": [8.5, 12, 9, 13.5], "texture": "#0"},
				"east": {"uv": [8, 12, 8.5, 13.5], "texture": "#0"},
				"south": {"uv": [9.5, 12, 10, 13.5], "texture": "#0"},
				"west": {"uv": [9, 12, 9.5, 13.5], "texture": "#0"}
			}
		},
		{
			"from": [7.75, 9.5, 5],
			"to": [8.25, 28, 6.5],
			"light_emission": 15,
			"faces": {
				"north": {"uv": [11.25, 1, 11.5, 10.25], "texture": "#0"},
				"east": {"uv": [10.5, 1, 11.25, 10.25], "texture": "#0"},
				"west": {"uv": [11.5, 1, 12.25, 10.25], "texture": "#0"},
				"up": {"uv": [11.25, 0.25, 11.5, 1], "texture": "#0"}
			}
		},
		{
			"from": [7.85, 28, 5],
			"to": [8.15, 30.5, 6.5],
			"light_emission": 15,
			"rotation": {"angle": 45, "axis": "x", "origin": [8, 28, 5]},
			"faces": {
				"north": {"uv": [0.375, 6.5, 0.625, 7.25], "texture": "#0"},
				"east": {"uv": [1.25, 6.25, 0.5, 7.5], "texture": "#0"},
				"west": {"uv": [0.5, 6.25, 1.25, 7.5], "texture": "#0"},
				"up": {"uv": [0.375, 6.5, 0.625, 7.25], "texture": "#0"}
			}
		}
	],
	"gui_light": "front",
	"display": {
		"thirdperson_righthand": {
			"translation": [0, 1.5, 0]
		},
		"firstperson_righthand": {
			"rotation": [-15, 0, 0],
			"translation": [0, 2, 0]
		},
		"ground": {
			"rotation": [-45, 0, 0],
			"translation": [0, 2.5, 0],
			"scale": [0.6, 0.6, 0.6]
		},
		"gui": {
			"rotation": [-90, 45, 90],
			"translation": [3, -2.5, 0],
			"scale": [0.65, 0.65, 0.65]
		},
		"head": {
			"rotation": [0, 0, 90],
			"translation": [7, -6, -7.5]
		},
		"fixed": {
			"rotation": [-90, -50, -90],
			"translation": [-3.5, -3.5, 0],
			"scale": [0.8, 0.8, 0.8]
		}
	}
}