{
	"credit": "Made with Blockbench",
	"texture_size": [64, 64],
	"textures": {
		"0": "item/custom/warrior_shield_blocking",
		"particle": "item/custom/warrior_shield_blocking"
	},
	"elements": [
		{
			"from": [3, -2, 4],
			"to": [13, 18, 5.5],
			"faces": {
				"north": {"uv": [5, 5.75, 9.875, 15.75], "texture": "#0"},
				"east": {"uv": [4.25, 5.75, 5, 15.75], "texture": "#0"},
				"south": {"uv": [10.75, 5.75, 15.625, 15.75], "texture": "#0"},
				"west": {"uv": [10, 5.75, 10.75, 15.75], "texture": "#0"},
				"up": {"uv": [0.5, 3.75, 5.5, 4.5], "texture": "#0"},
				"down": {"uv": [0.5, 4.5, 5.5, 5.25], "texture": "#0"}
			}
		},
		{
			"from": [7, 5.5, 5.5],
			"to": [9, 10.5, 10.5],
			"faces": {
				"north": {"uv": [12.75, 12.5, 13.75, 13.75], "texture": "#0"},
				"east": {"uv": [8.75, 2.75, 11.25, 5.25], "texture": "#0"},
				"south": {"uv": [14.75, 2.75, 15.75, 5.25], "texture": "#0"},
				"west": {"uv": [12.25, 2.75, 14.75, 5.25], "texture": "#0"},
				"up": {"uv": [11.25, 0.25, 12.25, 2.75], "texture": "#0"},
				"down": {"uv": [12.25, 0.25, 13.25, 2.75], "texture": "#0"}
			}
		}
	],
	"gui_light": "front",
	"display": {
		"thirdperson_righthand": {
			"rotation": [45, -25, 0],
			"translation": [0, -1.5, 1]
		},
		"firstperson_righthand": {
			"rotation": [0, 0, 5],
			"translation": [-4, -3.5, 4.5],
			"scale": [1.25, 1.25, 1.25]
		},
		"ground": {
			"translation": [0, 2.5, 0],
			"scale": [0.6, 0.6, 0.6]
		},
		"gui": {
			"rotation": [5, 170, 10],
			"translation": [-0.5, 0, 0],
			"scale": [0.8, 0.8, 0.8]
		},
		"head": {
			"rotation": [90, 0, 0],
			"translation": [0, 4, 0]
		},
		"fixed": {
			"translation": [0, 0, 2]
		}
	}
}