{
    "parent": "item/generated",
    "textures": {
        "layer0": "item/gold_nugget"
    },
    "overrides":[
        {"predicate": {"custom_model_data":1}, "model": "custom/archer"},
        {"predicate": {"custom_model_data":2}, "model": "custom/hunter"},
        {"predicate": {"custom_model_data":3}, "model": "custom/warrior"},
        {"predicate": {"custom_model_data":4}, "model": "custom/imitator"},
        {"predicate": {"custom_model_data":5}, "model": "custom/assassin"},
        {"predicate": {"custom_model_data":6}, "model": "custom/mage"},
        {"predicate": {"custom_model_data":7}, "model": "custom/fighter"}
        ]
}
